{"train/clip_fraction":0.0814,"_wandb":{"runtime":38},"train/policy_gradient_loss":-0.0063368557,"rollout/ep_rew_mean":-244.78368,"train/entropy_loss":-1.2329676,"_timestamp":1.734518283444931e+09,"train/loss":0.016817657,"global_step":100000,"time/fps":3003,"train/clip_range":0.2,"train/explained_variance":0.9669556,"train/learning_rate":0.0003,"train/value_loss":0.4026391,"_step":11100,"rollout/ep_len_mean":1000,"_runtime":38.090629,"train/approx_kl":0.012144411}